{
    "coord": {
        "lon": 2.35,
        "lat": 48.85
    },
    "weather": [
        {
            "id": 800,
            "main": "Clear",
            "description": "clear sky",
            "icon": "01d"
        }
    ],
    "base": "stations",
    "main": {
        "temp": 20.43,
        "feels_like": 17.9,
        "temp_min": 19,
        "temp_max": 21.67,
        "pressure": 1020,
        "humidity": 46
    },
    "visibility": 10000,
    "wind": {
        "speed": 3.1,
        "deg": 90
    },
    "clouds": {
        "all": 0
    },
    "dt": 1596095107,
    "sys": {
        "type": 1,
        "id": 6550,
        "country": "FR",
        "sunrise": 1596082899,
        "sunset": 1596137532
    },
    "timezone": 7200,
    "id": 2988507,
    "name": "Paris",
    "cod": 200
}
